-- MySQL dump 10.13  Distrib 5.7.17, for Win64 (x86_64)
--
-- Host: localhost    Database: mpb
-- ------------------------------------------------------
-- Server version	5.7.19-log

/*!40101 SET @OLD_CHARACTER_SET_CLIENT=@@CHARACTER_SET_CLIENT */;
/*!40101 SET @OLD_CHARACTER_SET_RESULTS=@@CHARACTER_SET_RESULTS */;
/*!40101 SET @OLD_COLLATION_CONNECTION=@@COLLATION_CONNECTION */;
/*!40101 SET NAMES utf8 */;
/*!40103 SET @OLD_TIME_ZONE=@@TIME_ZONE */;
/*!40103 SET TIME_ZONE='+00:00' */;
/*!40014 SET @OLD_UNIQUE_CHECKS=@@UNIQUE_CHECKS, UNIQUE_CHECKS=0 */;
/*!40014 SET @OLD_FOREIGN_KEY_CHECKS=@@FOREIGN_KEY_CHECKS, FOREIGN_KEY_CHECKS=0 */;
/*!40101 SET @OLD_SQL_MODE=@@SQL_MODE, SQL_MODE='NO_AUTO_VALUE_ON_ZERO' */;
/*!40111 SET @OLD_SQL_NOTES=@@SQL_NOTES, SQL_NOTES=0 */;

--
-- Table structure for table `ban_reason`
--

DROP TABLE IF EXISTS `ban_reason`;
/*!40101 SET @saved_cs_client     = @@character_set_client */;
/*!40101 SET character_set_client = utf8 */;
CREATE TABLE `ban_reason` (
  `ban_reason_id` int(10) unsigned NOT NULL COMMENT 'ID причины бана',
  `lang` char(2) NOT NULL COMMENT 'Язык',
  `banned_user_ban_reason` varchar(50) NOT NULL COMMENT 'Причина бана',
  PRIMARY KEY (`ban_reason_id`,`lang`),
  KEY `fk_lang_idx` (`lang`),
  KEY `fk_id_banned_idx` (`ban_reason_id`),
  CONSTRAINT `fk_banned_user_lang` FOREIGN KEY (`lang`) REFERENCES `langs` (`lang`) ON DELETE CASCADE ON UPDATE CASCADE
) ENGINE=InnoDB DEFAULT CHARSET=utf8 COMMENT='Информация о забанненых пользователях на доступных языках';
/*!40101 SET character_set_client = @saved_cs_client */;

--
-- Dumping data for table `ban_reason`
--

LOCK TABLES `ban_reason` WRITE;
/*!40000 ALTER TABLE `ban_reason` DISABLE KEYS */;
INSERT INTO `ban_reason` VALUES (1,'en','Abuse'),(1,'ru','Оскорбление'),(2,'en','Spam, advertising'),(2,'ru','Спам, реклама'),(3,'en','Fraud'),(3,'ru','Мошенничество'),(4,'en','Multi-account'),(4,'ru','Мультиаккаунт'),(5,'en','Obscene language'),(5,'ru','Нецензурная лексика'),(6,'en','Spoiler'),(6,'ru','Спойлер');
/*!40000 ALTER TABLE `ban_reason` ENABLE KEYS */;
UNLOCK TABLES;

--
-- Table structure for table `country`
--

DROP TABLE IF EXISTS `country`;
/*!40101 SET @saved_cs_client     = @@character_set_client */;
/*!40101 SET character_set_client = utf8 */;
CREATE TABLE `country` (
  `country_id` int(10) unsigned NOT NULL COMMENT 'ID',
  `country_lang` char(2) NOT NULL COMMENT 'Язык',
  `country_name` varchar(60) NOT NULL COMMENT 'Название страны',
  PRIMARY KEY (`country_id`,`country_lang`),
  KEY `fk_country_lang_idx` (`country_lang`),
  CONSTRAINT `fk_country_lang` FOREIGN KEY (`country_lang`) REFERENCES `langs` (`lang`) ON DELETE CASCADE ON UPDATE CASCADE
) ENGINE=InnoDB DEFAULT CHARSET=utf8 COMMENT='Список стран';
/*!40101 SET character_set_client = @saved_cs_client */;

--
-- Dumping data for table `country`
--

LOCK TABLES `country` WRITE;
/*!40000 ALTER TABLE `country` DISABLE KEYS */;
INSERT INTO `country` VALUES (1,'en','Russia'),(1,'ru','Россия'),(2,'en','USA'),(2,'ru','США'),(4,'en','Australia'),(4,'ru','Австралия'),(6,'en','Belgium'),(6,'ru','Бельгия'),(7,'en','UK'),(7,'ru','Великобритания'),(8,'en','Germany'),(8,'ru','Германия'),(10,'en','India'),(10,'ru','Индия'),(11,'en','Ireland'),(11,'ru','Ирландия'),(12,'en','Spain'),(12,'ru','Испания'),(13,'en','China'),(13,'ru','Китай'),(15,'en','France'),(15,'ru','Франция'),(19,'en','Canada'),(19,'ru','Канада'),(21,'en','Malta'),(21,'ru','Мальта'),(22,'en','Taiwan'),(22,'ru','Тайвань');
/*!40000 ALTER TABLE `country` ENABLE KEYS */;
UNLOCK TABLES;

--
-- Table structure for table `genre`
--

DROP TABLE IF EXISTS `genre`;
/*!40101 SET @saved_cs_client     = @@character_set_client */;
/*!40101 SET character_set_client = utf8 */;
CREATE TABLE `genre` (
  `genre_id` int(10) unsigned NOT NULL COMMENT 'ID жанра',
  `genre_lang` char(2) NOT NULL COMMENT 'Язык',
  `genre_name` varchar(60) NOT NULL COMMENT 'Название',
  PRIMARY KEY (`genre_id`,`genre_lang`),
  KEY `fk_genre_lang_idx` (`genre_lang`),
  CONSTRAINT `fk_genre_lang` FOREIGN KEY (`genre_lang`) REFERENCES `langs` (`lang`) ON DELETE CASCADE ON UPDATE CASCADE
) ENGINE=InnoDB DEFAULT CHARSET=utf8 COMMENT='Список жанров';
/*!40101 SET character_set_client = @saved_cs_client */;

--
-- Dumping data for table `genre`
--

LOCK TABLES `genre` WRITE;
/*!40000 ALTER TABLE `genre` DISABLE KEYS */;
INSERT INTO `genre` VALUES (1,'en','action'),(1,'ru','боевик'),(2,'en','adventure'),(2,'ru','приключения'),(3,'en','animation'),(3,'ru','мультфильм'),(4,'en','biography'),(4,'ru','биография'),(5,'en','comedy'),(5,'ru','комедия'),(6,'en','crime'),(6,'ru','криминал'),(8,'en','detecitve'),(8,'ru','детектив'),(9,'en','drama'),(9,'ru','драма'),(10,'en','family'),(10,'ru','семейный'),(11,'en','fantasy'),(11,'ru','фэнтези'),(13,'en','history'),(13,'ru','история'),(14,'en','horror'),(14,'ru','ужасы'),(15,'en','music'),(15,'ru','музыка'),(16,'en','musical'),(16,'ru','мюзикл'),(17,'en','mystery'),(17,'ru','мистика'),(18,'en','romance'),(18,'ru','мелодрама'),(19,'en','sci-fi'),(19,'ru','фантастика'),(20,'en','short'),(20,'ru','короткометражка'),(21,'en','sport'),(21,'ru','спорт'),(22,'en','thriller'),(22,'ru','триллер'),(23,'en','war'),(23,'ru','военный');
/*!40000 ALTER TABLE `genre` ENABLE KEYS */;
UNLOCK TABLES;

--
-- Table structure for table `langs`
--

DROP TABLE IF EXISTS `langs`;
/*!40101 SET @saved_cs_client     = @@character_set_client */;
/*!40101 SET character_set_client = utf8 */;
CREATE TABLE `langs` (
  `lang` char(2) NOT NULL,
  `lang_name` varchar(15) NOT NULL,
  PRIMARY KEY (`lang`)
) ENGINE=InnoDB DEFAULT CHARSET=utf8 COMMENT='Доступные языки';
/*!40101 SET character_set_client = @saved_cs_client */;

--
-- Dumping data for table `langs`
--

LOCK TABLES `langs` WRITE;
/*!40000 ALTER TABLE `langs` DISABLE KEYS */;
INSERT INTO `langs` VALUES ('en','English'),('ru','Russian');
/*!40000 ALTER TABLE `langs` ENABLE KEYS */;
UNLOCK TABLES;

--
-- Table structure for table `movie`
--

DROP TABLE IF EXISTS `movie`;
/*!40101 SET @saved_cs_client     = @@character_set_client */;
/*!40101 SET character_set_client = utf8 */;
CREATE TABLE `movie` (
  `movie_show_id` int(10) unsigned NOT NULL COMMENT 'ID шоу',
  `movie_budget` bigint(10) unsigned DEFAULT '0' COMMENT 'Бюджет',
  `movie_box_office` bigint(10) unsigned DEFAULT NULL COMMENT 'Прокатные сборы',
  `movie_mpaa_rating` enum('G','PG','PG-13','R','NC-17') DEFAULT 'G' COMMENT 'MPAA рейтинг',
  PRIMARY KEY (`movie_show_id`),
  KEY `fk_movie_show1_idx` (`movie_show_id`),
  KEY `movie_budget_idx` (`movie_budget`),
  KEY `movie_box_office_idx` (`movie_box_office`),
  CONSTRAINT `fk_movie_show1` FOREIGN KEY (`movie_show_id`) REFERENCES `show` (`show_id`) ON UPDATE CASCADE
) ENGINE=InnoDB DEFAULT CHARSET=utf8 COMMENT='Информация о фильме';
/*!40101 SET character_set_client = @saved_cs_client */;

--
-- Dumping data for table `movie`
--

LOCK TABLES `movie` WRITE;
/*!40000 ALTER TABLE `movie` DISABLE KEYS */;
INSERT INTO `movie` VALUES (2,125000000,758239851,'PG-13'),(3,30000000,176598908,'PG-13'),(4,38000000,207283925,'PG-13'),(5,6000000,245066411,'R'),(6,NULL,5250000,'PG'),(7,130000000,211643158,'R'),(8,NULL,147214049,'PG'),(9,75000000,527068851,'PG-13'),(10,166250,NULL,NULL),(11,50000,NULL,'PG-13'),(12,17000000,72000000,'G'),(13,30000000,66122026,'PG'),(14,45000000,987483777,'G'),(15,140000000,585174222,'PG-13'),(16,750000,1610000,'G'),(17,40000000,359126022,'PG'),(18,52000000,352114312,'PG-13'),(19,15000000,60629159,'R'),(20,120000000,609016565,'PG'),(21,97000000,616795600,'R'),(22,15000000,21094268,'PG'),(23,10000000,83557872,'R');
/*!40000 ALTER TABLE `movie` ENABLE KEYS */;
UNLOCK TABLES;

--
-- Table structure for table `review`
--

DROP TABLE IF EXISTS `review`;
/*!40101 SET @saved_cs_client     = @@character_set_client */;
/*!40101 SET character_set_client = utf8 */;
CREATE TABLE `review` (
  `user_id` int(10) unsigned NOT NULL COMMENT 'ID пользователя',
  `show_id` int(10) unsigned NOT NULL COMMENT 'ID шоу',
  `review_rate` tinyint(10) NOT NULL DEFAULT '0' COMMENT 'Оценка',
  `review_content` mediumtext COMMENT 'Текст отзыва',
  `review_date` timestamp NULL DEFAULT NULL,
  PRIMARY KEY (`user_id`,`show_id`),
  KEY `fk_user_id_idx` (`user_id`),
  KEY `fk_show_id_idx` (`show_id`),
  CONSTRAINT `fk_show_id_review` FOREIGN KEY (`show_id`) REFERENCES `show` (`show_id`) ON DELETE CASCADE ON UPDATE CASCADE,
  CONSTRAINT `fk_user_id_review` FOREIGN KEY (`user_id`) REFERENCES `user` (`user_id`) ON DELETE CASCADE ON UPDATE CASCADE
) ENGINE=InnoDB DEFAULT CHARSET=utf8 COMMENT='Оценка и отзыв пользователя для определенного шоу';
/*!40101 SET character_set_client = @saved_cs_client */;

--
-- Dumping data for table `review`
--

LOCK TABLES `review` WRITE;
/*!40000 ALTER TABLE `review` DISABLE KEYS */;
INSERT INTO `review` VALUES (11,2,6,NULL,NULL),(11,7,7,NULL,NULL),(11,15,8,NULL,NULL),(11,18,9,'Звездный ансамбль!\\nХм… что можно предположить о фильме, который снял Спилберг, и где в главных ролях Том Хэнкс, Леонардо Ди Каприо и Кристофер Уокен?\\nПо мне, так такой звездный состав уже является залогом успеха фильма, да и к тому же в начале мы видим магическую фразу: `Основан на реальных событиях`. Мне кажется, что когда мы понимаем, что такое действительно происходило, то начинаем смотреть фильм с большим интересом. Во всяком случае я.\\nЯ была просто в восторге от момента, где Том Хэнкс такой уверенный в Майами ждет не дождется как поймает его в аэропорту, а Лео улетает у него под носом, при этом вытащив агента ФБР на улицу, где его ждал человек с фамилией Хэддэрти на табличке в кадиллаке. Вот это да! Браво! \\nВесь фильм поражаюсь какой же Фрэнк тонкий психолог и как ловко он может оценить ситуацию и выйти из нее, причем не стоит забывать сколько лет ему было!\\nЯ весь фильм сидела на одном дыхании! Кажется, что вот все его поймают или кажется, что просто невозможно выйти из ситуации, а он раз, и все у него снова получается.\\nЯ думаю, что если бы он сам действительно захотел бы, то его бы так и не поймали бы.\\nНо вот что меня привлекло больше всего:для меня очень трудно отнести это фильм к определенному жанру. С одной стороны, это может быть комедия, с другой, это ведь даже драма. Мы видим как молодой парниша страдает от того, что его родители разошлись. Ведь, как я думаю, он мог и не встать на путь мошенничества, если бы его родители не развелись бы. Вот говорят все про материнскую любовь… А хорошо ли поступила его мать. Так легко и быстро забыла про сына.\\nОчень рада, что фильм и судьба этого человека закончились именно так. Полицейский, который гонялся за ним столько лет, вдруг увидел ранимую душу под маской мошенника. Он словно заменил Фрэнку отца!\\nНесмотря на то, что это не стандартный для Спилберга жанр, с уверенностью могу сказать, что он справился с этим заданием блестяще!',NULL),(11,24,6,NULL,NULL),(12,3,7,NULL,NULL),(12,4,6,'First drive-in movie of the millenium\\nBrian O\'Conner (Paul Walker) wants to join the family of the head of California street racing (Vin Diesel)...but why?\\nThe plot is comic book level; the dialogue is very VERY bad...but who really cares? This is a throwback of those dumb 1970s drive-in movies...it\'s for people who like loud, fast films filled with mindless action, attractive women, cars...and nothing else. I didn\'t like the film. It was too loud, too silly and way too long for a dumb action flick. What saves it is some truly incredible action sequences (the \"hijacking\" sequence towards the end was unbelievable), some very nice, innovative direction, a cast that manages to be good despite the script and a very good performance by Vin Diesel. This was supposed to be Walker\'s breakthrough film but Diesel steals it away. Also it looks kind of silly to have tall, lean, pretty boy Walker against tall, muscular, severe-looking Diesel.\\nSee it for the action and Diesel. During the slow spots admire the cars or the women.',NULL),(12,5,10,'Engrossing motion picture that features some of the finest editing, cinematography and performances ever. There is a wonderful theme of family that runs through this film and its later sequels. No one is truly judged. Love is unconditional. God is the one who truly judges. Easily, the word masterpiece describes this film, but that\'s been said by so many...Who am I to argue? Masterpiece is right on the money.',NULL),(12,6,9,NULL,NULL),(12,19,7,'New version from the 1958 classic with Jeff Goldblum as the obstinate scientific who is doggedly trying to make the experimenting in his own body for transportation with a genetic transporter machine . In the beginning he transports objects and monkeys , but one night he decides to test the machine on himself . Unfortunately a fly into the device blends his atomic cells and the gens are mingled . Then he begins to evolve into a human fly . Meanwhile , he falls in love with a beautiful journalist played by Geena Davis who is investigating the strange events by orders of her chief , John Getz , and ex-lover .\\nThis frightening picture displays tension , suspense , shocks and lots of blood and gore . The film provides great loads of scares , grisly events and creepy atmosphere which becomes pretty sinister when the protagonist is become into a fly . The movie is rated ¨R¨ for the crude images , as many scenes are excessively disgusting and gross but it is solely apt for old people , no little boys , neither squeamish , as abound guts , slime and gore . Goldblum gives a vigorous physical performance and totally convincing as the brilliant , crazy research scientist turned into wild human fly . Eerie musical score by nowadays successful Howard Shore (Lord of the Rings) and nice cinematography by Mark Irwin . The film won an Academy Award for a terrifyingly makeup by Chris Wallas (director an inferior sequel with Eric Stolz , Daphne Zuñiga and it was a flop) . Rating : Good but no for kids for violent , realistic and gory images . It\'s one the highest earnest terror pictures of the 80s ; however , I prefer the excellent classic version by Kurt Newmann with David Hedison and Vincent Price',NULL),(12,20,4,NULL,NULL),(12,21,9,NULL,NULL),(12,31,8,NULL,NULL),(12,34,10,NULL,NULL),(13,10,7,NULL,NULL),(13,11,10,NULL,NULL),(13,12,10,NULL,NULL),(13,13,6,NULL,NULL),(13,14,9,NULL,NULL),(13,15,9,'«Скажу честно. Я — Железный Человек»\\nДавно уже перестали удивлять многомиллионные блокбастеры, которые из года в год проходят перед глазами в дежурном порядке. Сиквелы, триквелы и квадриквелы фильмов о супергероях с одними и теми же замусоленными персонажами и заезженными штампами только вгоняют в тоску. Был неплохой шанс вдохнуть жизнь в старый жанр у Майкла Бэя, но он его прошляпил. «Трансформеры» получились не в меру детским и пестрым мультиком. Лучшее, как говорится, враг хорошего. Это становится очевидным после просмотра «Железного человека», в котором все те же старые приемы и штампы заиграли новыми красками. А нужно было всего лишь смешать составляющие коктейля в правильных пропорциях: не перебарщивать со спецэффектами, оставив немного простора для живой актерской игры, не мучить зрителя излишне морализаторскими посылами и приблизить главного героя к народу, придать ему немного естественного обаяния и человечности. Ну и конечно, не стоит забывать о том, что, идя на летний блокбастер, зритель вряд ли хочет увидеть номинацию на Оскар за самый драматичный фильм. Поэтому юмор, как необходимая составляющая успешного супер-фильма, должен присутствовать по умолчанию.\\nТак вот. Режиссер Джон Фавро то ли случайно, то ли специально взял, да и выполнил все эти негласные правила. Главный его успех — великолепный кастинг. Ну какой нафиг супергерой из Роберта Дауни мл., спросите вы. А я отвечу — лучший! Тони Старк собирает из металлолома миниатюрный ядерный реактор сидя в плену у маджахедов, кует бронированные доспехи, конструирует привода, собирает все это на коленках в разрушающей силы «костюм» и устраивает террористам кузькину мать! Каково, а?! Человек-паук и Супрермэн — жалкие неудачники, к которым суперсила пристала, словно репей, без их собственного желания. Захотел, придумал, реализовал — вот как надо. Без лишних соплей и рефлексирующих дум. Вместо них — море обаяния Дауни и короткие, но содержательные речи его героя, которые можно смело разбирать на цитаты. Если личность Тони Старка не поглотит все ваше внимание, то рядом с ним по ходу фильма можно заметить непривычно яйцеголового Джефа Бриджеса и изящную Гвинет Пэлтроу. Ну, сами понимаете. Эти актеры никогда картины не портили.\\nЧто же еще, кроме бесподобного Роберта Дауни, делает «Железного Человека» на голову выше прочих собратьев по жанру? Спецэффекты на высоте. Это даже не обсуждается. Модификации снаряжения Тони Старка мало того, что выглядят потрясающе, так нам еще в подробностях показывают, как Старк с паяльником в одной руке и отверткой в другой творит свои технические шедевры. Полеты, взрывы, бои — все, как надо и даже лучше. Но главное в этом фильме — по-настоящему хороший юмор. У кого присутствует чувство смешного, тот оценит и фразочки Тони Старка и отжиги его друга Джима (Теренс Ховард). Так что, если хотите начать кайфовать от качественных блокбастеров уже сейчас, не дожидаясь нового «Индианы Джонса» и «Невероятного Халка» Нортона, то Айронмэн вам в этом поможет.\\nP.S. Гвинет, которую я, вообще-то сказать, терпеть никогда не могла за одно и то же унылое выражение лица и блеклую игру с натяжкой, здесь — о чудо! — не то что не раздражала меня, а даже вызвала симпатию своей игрой и подачей образа героини! Гвинет себя просто потрясающе показала. Если теоретически эта роль могла бы быть просто функциональной или кукольной — секретарша, все делающая для своего босса, существующая только в нем, просто компьютерная программа или что-то вроде… У Гвинет она получилась изящной и самодостаточной. Это был живой человек, способный переубеждать и направлять ход событий. Она сделала так, что самоотдача персонажа смотрелась как любовь и профессионализм, а не безвольность.\\nИ так называемая «любовная линия», которая обязательна для всех экранизаций комиксов. Если обычно это что-то унылое и невнятное, как в «Человеке Пауке», то здесь всё очень тонко и остроумно. Флирт босса и его помощницы обыгран так, что их чувствам и эмоциям правда веришь! Более того, у Дауни-младшего такое чувство этой роли плейбоя, гения убийственной техники, с которым родиться надо. Мужик прется от самого себя и в образе, и вне его. Ни один из экранно-комиксных супергероев до сих пор даже не приближался к этой заветной черте полного слияния актера с образом.',NULL),(14,16,7,NULL,NULL),(14,17,8,NULL,NULL),(14,19,9,NULL,NULL),(14,20,10,'I was lucky enough to see Pi in full 3D Imax at a pre-viewing in San Diego last night, and as a huge fan of the book, I was intensely satisfied.\\nBelieve it or not, I was more impressed with the the casting choices and performances of the players than by the effects. Granted, the movie was very beautiful, but in the end, Life Of Pi was more character driven than anything. Suraj Sharma as the young Pi was charming, funny, and incredibly engaging, while Irrfan Khan as the older Pi was fantastically genuine and warm. Adil Hussain as Pi\'s father was also a joy to watch. The characters are so rich and full of life that you really can\'t help but fall in love with them. I would also like to add, as someone who spends time with tigers on a daily basis, the animators did a wonderful and accurate job of bringing Richard Parker to life and making him the active and vital character that is so incredibly essential to the success of this story. \\nI would recommend seeing Pi in 3D, but I don\'t think that\'s it\'s essential to your viewing enjoyment. The 3D just takes a beautiful film and makes it a little bit nicer. Also, if you\'ve read the book and are concerned that the story you loved may have been compromised in anyway, worry no longer. This is easily, one of the best book to film adaptations I have ever seen.\\nHappy viewing folks. I hope you enjoy this film as much as I did. I\'ll be seeing it again in theaters very soon.',NULL),(14,21,5,NULL,NULL),(14,22,6,NULL,NULL),(14,23,8,NULL,NULL),(14,24,9,NULL,NULL),(16,25,6,NULL,NULL),(16,26,7,'Молодежный мюзикл\\nМеня давно пытались завербовать в ряды поклонников данного сериала, но я отчаянно сопротивлялся, ссылаясь на нехватку свободного времени. Но постоянные разговоры о «Glee» от разных людей (даже мой друг в Бразилии смотрит) все-таки интриговали. Да что ж тут такого особенного, что всем безоговорочно нравится? \\nА ничего особенного тут нет. Просто совместили молодежный сериал с мюзиклом. Но сделали это так, что смотреть весело и приятно. Здесь затрагиваются самые разные темы, которые будут актуальны для молодежи: любовные треугольники, репутация в школе, творческие амбиции и т. д. Помимо разных тем герои готовятся к ежегодным соревнованиям, преодолевая козни конкурентов и недоброжелателей. Обо всех сюжетных линиях просто нереально упомянуть в одном отзыве, поскольку героев очень много и все они слишком разные.\\nМне нравится, как собрали команду школьного хора из разных групп и категорий. При этом каждый из них оправдывает так или иначе звание «лузер», потому что попадает под клише, которое дискриминируется обществом. Тут есть и гей Курт, и чернокожая пышечка Мэрседес, и беременная капитан черлидеров Квин, и инвалид Арти, и заикавшаяся азиатка Тина, и задира-ловелас-еврей Пак, и капитан футбольной команды Финн, и типичная блондинка Бриттани. Всех их объединяет только любовь к музыке в первую очередь. Наверное, поэтому зрители полюбили этот сериал.\\nАктерский состав тоже не может не радовать. Для меня тут очень много новых лиц, но стоит заметить, что у главных героев яркие внешние черты и хорошие вокальные данные. Отдельно хочется выделить Джейн Линч, которая играет роль тренера команды по черлидингу Сью. Это один из самых ярких персонажей. Она не раз заставит вас улыбнуться. Мелькают иногда в эпизодах приглашенные звезды шоу-бизнеса: Джош Гробан, Бритни Спирс, Ив, Линдси Лохан и т. п. \\nИ закончу абзацем о музыке. Конечно, иногда действо на экране напоминает уже индийские фильмы, когда все вокруг начинают петь и танцевать в любых ситуациях. Да еще театрально открывают рты, выдавая самые разные гримасы. Но в основном создатели стараются не только хорошо вплетать музыкальные номера в сюжет, но и подбирать тексты со смыслом к определенным ситуациям. Репертуар многообразен. Это еще одно достоинство сериала. Тут можно услышать не только произведения из бродвейских мюзиклов и ретро, но и современную популярную музыку, знакомую всем: Madonna, Lady Gaga, Beyonce, Adele, Kelly Clarkson, Christina Aguilera и мн. др. \\nНе все музыкальные постановки мне нравятся, но некоторые пробирают до мурашек. Например, кавер на «Total Eclipse Of The Heart» в первом сезоне очень меня порадовал. Обожаю эту песню. Всегда приятно слышать в фильмах любимую музыку. И есть возможность открыть для себя что-то новое. Я вот сразу утащил в свою музыкальную коллекцию «Defying Gravity». Не слышал раньше эту песню из мюзикла, но очень понравилась. В общем, хороший молодежный сериал. Не такой прям увлекательный для меня, чтоб приговорить залпом все три сезона. Но когда есть свободное время, можно смотреть по паре эпизодов.',NULL),(16,27,8,NULL,NULL),(19,8,6,NULL,NULL),(19,28,7,NULL,NULL),(19,29,10,NULL,NULL),(22,8,7,NULL,NULL),(22,30,6,'Вкусная комедия\\nСреди однообразных второсортных отечественных сериалов «Кухня» несомненно выделяется своей оригинальностью и отсутствием примитива (ну по крайней мере в первых сезонах). Среди туповатых комедий «Кухня» является буквально гладком свежего воздуха. \\nПожалуй главное достоинство сериала — это добрый юмор, можно искренне смеяться, отдыхая и расслабляясь после тяжёлого рабочего дня. Да, частенько крутят повторы, но от этого сериал не становится менее интересным. \\nПриятно наблюдать за развитием сюжета и за потрясающей игрой актёров. Особенно меня впечатлили Дмитрий Нагиев (камео) и Дмитрий Назаров (Виктор Баринов). Нагиев несомненно является изюминкой сериала. Серии с его участием я смотрю с особым удовольствием.\\nЧто хочется отметить отдельно — сериал вызывает аппетит. У зрителей есть уникальная возможность наблюдать за тем как в самом лучшем виде готовится великолепная еда.\\nТакже в сериале замечательная музыка, её разнообразие поражает и восхищает. Многие композиции сохранены в моём плей-листе. \\nОсобенно впечатляют серии, где герои фантазируют (например, серия про зомби-апокалипсис).\\n«Кухня» — комедийный сериал, однако в начале и в конце каждой серии (кроме последних сезонов) присутствуют некие «мудрости», связанные со взаимоотношениями с любимым человеком, с друзьями, с поступками в той или иной ситуации. Зритель учится на ошибках героев сериала. \\nНо естественно есть и недостатки. Первое, что хочется отметить — это взаимоотношения Макса и Вики. Сначала за этим наблюдать достаточно интересно, но спустя несколько сезонов как то уже надоело. Эти постоянные расставания по разным причинам, возобновления отношений, опять расставания. В этом создатели сериала явно переборщили, очевидно преследуя цель растянуть проект как можно дольше.\\nНе думал я что буду писать отзыв об «Кухне» в нейтральном цвете. Но увы. Первые четыре сезона действительно соответствуют описанию приведённому выше, но дальнейшее развитие сериала в пятом и шестом сезоне вызывает только огорчение.\\nИтак, сменился ресторан, затем часть главных героев, существенно упал в качестве сценарий, шутки стали плоские, развитие событий предсказуемое. Даже атмосфера совсем другая, пропала фишка, изюминка. Дмитрий Нагиев время от времени появляясь в некоторых сериях, вызывает только раздражение (ну хотя бы взять серию, где Нагиева укусила в задницу змея). Шеф-повар Виктор Баринов из деспота, человека с уникальной харизмой превратился в стареющего дурочка, которым манипулируют, которого обманывают, а не наоборот как было раньше. Последние два сезона можно охарактеризовать одним словом — примитив. Сериал я досмотрел только из-за желания узнать чем же всё закончится. Отсюда вывод — надо уметь вовремя останавливаться ',NULL),(22,31,7,NULL,NULL),(22,32,8,NULL,NULL),(22,33,6,NULL,NULL),(23,14,8,NULL,NULL),(23,25,4,NULL,NULL),(23,34,9,NULL,NULL),(23,35,10,'Adventure Time — это\\nпотрясающий мультфильм. Всё, что нужно — там есть, и замечательный саундтрек, захватывающий и необычный сюжет в каждой серии, великолепная анимация, тонкий юмор. Но самое главное достоинство — мультфильм очень добрый. Мы-то привыкли к сауспаркам, гриффинам и т. д. и т. п., где под каждой шуткой скрывается якобы «тонкий стёб» над обществом и всякое такое прочее, злобное подтрунивание, что и на детишках, конечно, сказывается. Посмотрите, как они гавкают друг на друга на просторах наших родных интернетов. Малышне надо показывать добрые мультфильмы. А этот мульт добрый и простой, нет там никаких скрытых смыслов, все понятно и весело. Этого не хватает в наши дни, когда каждый человечек злобно мнит себя умнее и хитрее всех остальных. Не хватает доброты и простоты.\\nМультфильм никак нельзя назвать чисто детским, хотя детишкам, конечно, он будет полезен. Учит хорошему.\\nОтрицательный момент — отвратительная русская озвучка. При локализации «постарались» очень сильно, и, убрали почти все мозги из сериала, практически весь юмор. Ну, хотя бы анимацию испоганить не в их силах.',NULL),(27,2,6,'Буйство воображения\\nЯ одна из тех людей, которые считают, что критиковать и ругать нужно осознанно. А потому я не буду повторять ошибок многих критикующих, говоря, что нельзя считать Христа простым смертным человеком, Марию Магдалину «обременять беременностью», а гонения ведьм связывать с чем-либо божественным. Меня там не было, я не знаю. И сейчас я скажу страшную для многих вещь: мне всё равно, был Иисус простым человеком или святым духом. Я всё равно буду в него верить. В конце концов смертность и рождение детей — не показатель несвятости. Зачем обсуждать то, что делить на полярные точки заведомо глупо? Всё равно мы никогда не узнаем правды, какие бы видные учёные не выдвигали свои гипотезы. Или вам для того, чтобы верить, нужно знать, что Иисус ходил по воде и превращал воду в вино? Сомневаюсь. К тому же, я искренне люблю все произведения Дэна Брауна о Лэнгдоне, в том числе и «Код да Винчи». Просто я не воспринимаю ни фильм, ни книгу как что-то противоестественное, мерзкое и недоказанное. Впечатляющее? Да. Поразительное? Да. Скандальное? Да. Но никак не анти-Библию. А потому я опущу философствования многих пользователей по поводу правдивости-неправдивости и многократных сравнений с книгой, ибо она бесценна и оригинальна, а сравнивать — дело самое неблагодарное. Лучше коснуться художественных особенностей и личных впечатлений, чтобы хоть как-то разбавить клоаку святых, которые, видимо, сами принимали участие в погребении Марии Магдалины и распятии Христа, чтобы так голословно утверждать. \\nНе люблю так говорить, но фильм средний. Не хороший, не плохой, а именно средний. Вроде бы идею воплотили хорошо, и перенесение полотна Брауна выглядит как нельзя убедительно, но… Одно «но» есть всегда, а в данном случае и не одно. Во-первых, Том Хэнкс, идеально пододящий на роль Лэнгдона, состарен донельзя. Я знаю, что Том не юнец, но зачем специально надевать на него тухие галстуки и подчёркивать второй подбородок наглухо застёгнутой рубашкой? Безусловно, Том хорош и как актёр, и как мужчина, но со стороны гримёров и костюмеров это скорее выглядело как издевательство. Впрочем, Хэнкс — маленький божок от мира кино, а потому дурацкие галстуки не способны разрушить того ореола блестящей игры, который он неизменно создаёт. \\nВо-вторых, страдания «ангела» так и остались за кадром. Да, мы узнали, что он был преступником, получил святое благословение и усердно служил своему господину, будучи подневольным каторжником, истязая себя цепями и розгами. И при этом он ничуть не изумлялся тому, что «святейшество» просит его убивать. Если обобщить, то это упавший, несчастный человек-марионетка, которое вроде бы как стоит пожалеть (заставь дурака Богу молиться…). Но, простите, самоистязание — это не две секунды демонстрации оголённого бедра. Я вовсе не прошу крови и расченёнки (не дай Бог!), но как-то страданиями я не прониклась, и в упор видела в «ангеле» лишь методичного убийцу-марионетку. Укол жалости я почувствала лишь в сцене встречи с якобы «хозяином». Но тут заслуга скорее испещрённого шрамами лица актёра, чем грамотной подачи образа в целом. \\nВ-третьих, касаясь исторических материалов, создатели обошлись столь небрежно с рассказчиками, что диву даёшься: они хотели сконцентрировать внимание на героях или им было просто неинтересно снимать? Скажите сами: если вы воспринимаете какой-либо материал, вам интереснее слушать «голый» текст без интонации или степенное повествование с наглядной демонстрацией? Думаю, второе. Лично мне было интересно слушать исключительно профессора со свойственной ему манерой реагировать на всё аки невростенник на молоточек. Думается, во время сообщения многих исторических фактов мы должны реагировать не менее живо, чем рассказчик. Ага, сейчас. Нет подачи — не отдачи. \\nРугать хорошо и легко, минусы перечислять приятно. А вот плюсы искать действительно тяжело. Но здесь они есть. Оператор постарался на славу. Прекрасная панорама Лондона, превосходные крупные планы достопримечательностей, серая, промозглая цветовая гамма Лондона и яркая, зелёная — окрестностей. Однозначно радует глаз! Музыка неповторима. Её хочется слушать и вне фильма, не ассоциируя её ни с да Винчи, ни с религией. Просто слушать. \\nОдри Тоту, эта изысканная, элегантная француженка, как нельзя лучше подошла на роль Софи Невё. И, что бы не говорили, как бы Одри не поносили и как бы не связывали на веки вечные её имя исключительно с Амели, в образ Софи она внесла тот неповторимый французский шарм Коко Шанель, которого у Брауна я, увы, не обнаружила. ',NULL),(27,5,8,NULL,NULL),(27,6,6,NULL,NULL),(27,7,7,'Воруй, убивай.\\n«Убивайте всех, Господь узнает своих!»\\nАрнольд Амальрик\\nШел 2005 год, Ридли Скотт снимал исключительно годные фильмы, я заканчивал школу, Василий Уткин мог сидеть закинув ногу на ногу, а на пике популярности была компьютерная игра: Stronghold Crusader, Которая во многом предопределила успех фильма, во всяком случае, в головах моих сверстников.\\nПродолжая начатый неделей ранее альманах исторического кино, стоит отметить, что в тот момент я был далек от знаний о масштабном средневековом двухсотлетнем гоп-стопе, бережно прикрытым Ватиканом, под предлогом богоугодности. Поэтому фильм счел сугубо положительным, ибо батальные сцены и спецэффекты на крайне добротном уровне! Хотя, с этим у старины Скотта, проблем никогда не было. Прошли годы, и на сегодня, «Царство небесное» уже воспринимается немного иначе.\\nНам рассказывается история, с претензией на реальные исторические события, повествующие об осаде Иерусалима средневековым Саддамом Хуссейном — Салах ад-Дином в 1187 году. Обороняемый, потомственным французским дворянином, Балианом II. В основном, в фильме и рассказывается его история. Правда, в собственной интерпретации сценаристов, в которой от исторических событий остались лишь имена и названия.\\nОставив все сиюминутные чудесные превращения главного героя, из социопата-бастарда в прекрасного, благородного и сильного рыцаря, на откуп ограниченному экранному времени, даже в трехчасовой режиссерской версии, Балиан, все равно приторно сладок как клубничное варенье, герой без страха и упрека, положительный с головы до пят, да еще и в исполнении Орландо Блума — перебор, для серьезного кино. К тому же, абсолютно непостижимым образом сочетает честь, благородство, грамотного стратега и защитника слабых и угнетенных с прямо противоположными качествами. Учитывая что 80% экранного времени вращается вокруг главного героя, эти вещи вызывают, минимум, недоумение. Это здорово бросается в глаза, от чего общее впечатление от фильма, немного прихрамывает.\\nА в остальном, «Царство Небесное» одна из лучших работ Ридли Скотта. Безусловно, во многом сыграл свою роль почти идеальный актерский состав. Нельзя не отметить и добротную визуальную составляющую. К тому же все это помножено на правильный исторический посыл: Почти все крестоносцы, за редким исключением, самый натуральный сброд всех сортов и видов европейского биомусора XI — XIII веков, которых папство, фактически выгоняло пинком грабить арабов, вместо аналогичной вакханалии между друг другом, в Европе, которая, и без бесконечных междоусобиц, загибалась в чуме, безграмотности и прочей антисанитарии. \\nВполне съедобный фильм с визуальной точки зрения, и неоднобокости повествования. Есть на что посмотреть и от чего получить удовольствие, в режиссерской версии, конечно.',NULL),(27,20,7,NULL,NULL),(27,21,6,NULL,NULL),(27,31,9,'Любимый сериал о зомби…\\nНедавно я стала фанаткой этого сериала, посмотрев залпом все 7 сезонов. Апокалиптическая картина, это больше чем фильм о зомби, потому что он не о зомби, зомби здесь — это фон. Увлекает то, как оставшиеся живые люди пытаются выжить в этих условиях, а именно в условиях отсутствия цивилизации, государства как структуры, где нет правил и законов, а есть только выживание. Интересен тот факт, что люди пытаются объединится в общины, и то как эти общины (группы выживших) между собой пытаются договориться. Но эти договоры чаще всего заканчиваются перестрелками и убийствами. Что-то мне это напоминает… В общем, та ещё политика. Обожаю кино, где есть о чем задуматься. Данное кино затрагивает тему моральных ценностей, причём порой у главных героев встаёт вопрос морали вместе с вопросом жизни и смерти. Например, это можно проследить в следующем «а нужно ли идти на убийство, если ты знаешь, что завтра убьют тебя?». Причём он возникает не сразу, а из сезона к сезону, и представления о том, как поступать правильно, у главных героев постепенно меняются. \\nЕсли в начале фильма группа героев преследуют гуманность по отношению к другим выжившим, то после различных покушений на их жизнь с внешней стороны, а так же душераздирающих последствий в виде потерь родных и близких, то тут точка зрения кардинальным образом меняется, но не у всех. Получается что в фильме ведётся война не людей против зомби, а людей против людей (опять). Снесите всю цивилизацию, предоставьте людям тотальную свободу, где можно делать все и безнаказанно, и вот что из этого получится. Ну опять же это моё видение картины, это я люблю все анализировать и вникать, может кто-то посчитает этот сериал развлекаловкой. Но считаю, что это будет покруче чем «игра престолов», люди здесь обычные — такие какие есть, без всяких драконов и сверхспособностей.',NULL),(27,34,8,NULL,NULL),(28,10,6,NULL,NULL),(28,11,8,NULL,NULL),(28,12,7,'Musicals. You don\'t see them much at all anymore. They\'re have been very few in the last few years but they are usually so enjoyable to watch. Chicago even won best picture. Why do they not make these anymore I wonder? This film was awesome. Hepburn is a great actress and her movies are wonderful. To see her play two different types of people in this movie was very enjoyable. Even though it was nearly 3 hours I was entertained the whole time. Go out and see this movie and do it soon. We need to bring more musicals back.',NULL),(28,13,8,NULL,NULL),(30,19,8,NULL,NULL),(31,21,7,NULL,NULL),(31,22,6,NULL,NULL),(31,23,9,'Спасибо, мистер Ричи!\\nСуществуют фильмы, которые я готов пересматривать огромное количество раз, среди них «Большой куш». Ознакомился я с данной картиной около шести месяцев назад, но если бы знал о всей её крутости, то незамедлительно посмотрел бы намного раньше. Гай Ричи один из лучших режиссёров современности. Его фильмы выделяются на фоне остальных благодаря оригинальному сюжету, добротному юмору, прекрасному саундтреку и колоритным персонажам. «Большой куш» вообще побил все возможные рекорды по количеству колоритных персонажей на одну минуту фильма. Здесь очень много запоминающихся личностей, именно поэтому так люблю «Snatch». \\nСюжет пересказывать не буду, скажу только что он безумно оригинальный и запоминающийся, все кто посмотрел фильм согласятся со мной. В нём нет ничего лишнего, каждый диалог, каждая сцена, каждая секунда продуманы до мелочей. Нет ощущения что нужно убрать какой-то момент, или наоборот добавить, один из редких случаев когда всё идеально. Лучше один раз увидеть, чем сто раз услышать!\\nНа следующий день после просмотра я рассказывал друзьям про каждого персонажа, про их крутость и убойные высказывания. Это один из лучших актёрских составов в истории и с этим нельзя не согласиться. Не могу выделить кого-то одного, все безумно порадовали. \\nПеред нами идеальный фильм в котором я не нашёл минусов, всё выполнено качественно и со знанием дела. Всячески рекомендую к просмотру, особенно парням, уверен что вы не пожалеете. Лично для меня «Большой куш» стал настоящим открытием и я могу смело сказать что это мой самый любимый фильм. ',NULL),(31,24,6,NULL,NULL),(32,25,8,NULL,NULL),(33,3,7,NULL,NULL),(33,4,7,NULL,NULL),(33,5,9,NULL,NULL),(33,6,9,NULL,NULL),(34,8,7,NULL,NULL),(35,13,4,NULL,NULL),(35,14,9,'This is in my top 3 animation films of all time. I don\'t think that any animation film before it managed to enter the hearts of both children and adults at once like this one. An ensemble cast with such a gripping tale, great music and superb animation, made this one of the all time greats. The characters are so well flushed out and each scene is so memorable. I cannot stress just how good this film is. Without a doubt the peak of Disney and to this day they have not made anything this original and so influential. The creators gave us such a good villain and great hero\'s that in my opinion shows that an animated film can be just as good or if not better than a real life film.',NULL),(35,15,6,NULL,NULL),(35,16,7,NULL,NULL),(35,17,9,NULL,NULL),(35,19,10,NULL,NULL),(37,3,7,NULL,NULL),(37,5,8,NULL,NULL),(37,6,8,NULL,NULL),(37,8,8,NULL,NULL),(37,9,8,NULL,NULL),(37,13,8,NULL,NULL),(37,15,9,NULL,NULL),(37,16,8,NULL,NULL),(37,19,9,NULL,NULL),(37,23,9,NULL,NULL),(37,24,10,NULL,NULL);
/*!40000 ALTER TABLE `review` ENABLE KEYS */;
UNLOCK TABLES;

--
-- Table structure for table `show`
--

DROP TABLE IF EXISTS `show`;
/*!40101 SET @saved_cs_client     = @@character_set_client */;
/*!40101 SET character_set_client = utf8 */;
CREATE TABLE `show` (
  `show_id` int(10) unsigned NOT NULL AUTO_INCREMENT COMMENT 'ID шоу',
  `show_type` enum('movie','tv-series') DEFAULT 'movie' COMMENT 'Тип шоу',
  `show_year` year(4) NOT NULL COMMENT 'Год',
  `show_runtime` time NOT NULL COMMENT 'Время',
  `show_premiere_date` date NOT NULL COMMENT 'Дата премьеры',
  PRIMARY KEY (`show_id`),
  KEY `show_year_index` (`show_year`)
) ENGINE=InnoDB AUTO_INCREMENT=36 DEFAULT CHARSET=utf8 COMMENT='Информация о шоу (фильме или сериале)';
/*!40101 SET character_set_client = @saved_cs_client */;

--
-- Dumping data for table `show`
--

LOCK TABLES `show` WRITE;
/*!40000 ALTER TABLE `show` DISABLE KEYS */;
INSERT INTO `show` VALUES (2,'movie',2006,'02:29:00','2006-05-17'),(3,'movie',2013,'02:12:00','2013-08-05'),(4,'movie',2001,'01:46:00','2001-06-18'),(5,'movie',1972,'02:55:00','1972-03-14'),(6,'movie',1981,'01:50:00','1981-10-08'),(7,'movie',2005,'02:25:00','2005-12-06'),(8,'movie',1992,'01:27:00','1992-04-03'),(9,'movie',2007,'01:23:00','2007-07-21'),(10,'movie',2004,'00:27:00','2004-10-14'),(11,'movie',2012,'00:19:00','2012-05-12'),(12,'movie',1964,'02:45:00','1964-10-21'),(13,'movie',2007,'01:49:00','2007-10-06'),(14,'movie',1994,'01:28:00','1994-05-07'),(15,'movie',2008,'02:07:00','2008-04-14'),(16,'movie',1960,'01:43:00','1960-05-25'),(17,'movie',2010,'02:20:00','2010-06-07'),(18,'movie',2002,'02:21:00','2002-12-16'),(19,'movie',1986,'01:36:00','1986-08-15'),(20,'movie',2012,'02:07:00','2012-09-28'),(21,'movie',2017,'02:17:00','2017-02-17'),(22,'movie',2006,'01:39:00','2006-09-08'),(23,'movie',2000,'01:42:00','2000-08-23'),(24,'tv-series',2005,'00:43:00','2005-03-26'),(25,'tv-series',2015,'00:54:00','2015-04-02'),(26,'tv-series',2009,'00:43:00','2009-05-19'),(27,'tv-series',2006,'00:25:00','2006-02-03'),(28,'tv-series',1994,'00:22:00','1994-09-22'),(29,'tv-series',2007,'00:22:00','2007-09-24'),(30,'tv-series',2012,'00:25:00','2012-10-22'),(31,'tv-series',2010,'00:44:00','2010-10-31'),(32,'tv-series',2011,'00:44:00','2011-01-17'),(33,'tv-series',2010,'01:28:00','2010-07-25'),(34,'tv-series',2013,'00:45:00','2013-07-19'),(35,'tv-series',2010,'00:11:00','2010-04-05');
/*!40000 ALTER TABLE `show` ENABLE KEYS */;
UNLOCK TABLES;

--
-- Table structure for table `show_country`
--

DROP TABLE IF EXISTS `show_country`;
/*!40101 SET @saved_cs_client     = @@character_set_client */;
/*!40101 SET character_set_client = utf8 */;
CREATE TABLE `show_country` (
  `show_id` int(10) unsigned NOT NULL COMMENT 'ID шоу',
  `country_id` int(10) unsigned NOT NULL COMMENT 'ID страны',
  PRIMARY KEY (`show_id`,`country_id`),
  KEY `fk_country_id_idx` (`country_id`),
  CONSTRAINT `fk_country_id_from_shc` FOREIGN KEY (`country_id`) REFERENCES `country` (`country_id`) ON DELETE CASCADE ON UPDATE CASCADE,
  CONSTRAINT `fk_show_id_from_shc` FOREIGN KEY (`show_id`) REFERENCES `show` (`show_id`) ON DELETE CASCADE ON UPDATE CASCADE
) ENGINE=InnoDB DEFAULT CHARSET=utf8 COMMENT='Связь между шоу и странами-производителями';
/*!40101 SET character_set_client = @saved_cs_client */;

--
-- Dumping data for table `show_country`
--

LOCK TABLES `show_country` WRITE;
/*!40000 ALTER TABLE `show_country` DISABLE KEYS */;
INSERT INTO `show_country` VALUES (30,1),(2,2),(3,2),(4,2),(5,2),(6,2),(7,2),(8,2),(9,2),(11,2),(12,2),(13,2),(14,2),(15,2),(16,2),(17,2),(18,2),(19,2),(20,2),(21,2),(22,2),(23,2),(25,2),(26,2),(28,2),(29,2),(31,2),(32,2),(34,2),(35,2),(21,4),(2,7),(10,7),(19,7),(20,7),(22,7),(23,7),(24,7),(27,7),(33,7),(4,8),(20,10),(10,11),(7,12),(17,13),(2,15),(20,15),(18,19),(19,19),(20,19),(21,19),(2,21),(20,22);
/*!40000 ALTER TABLE `show_country` ENABLE KEYS */;
UNLOCK TABLES;

--
-- Table structure for table `show_genres`
--

DROP TABLE IF EXISTS `show_genres`;
/*!40101 SET @saved_cs_client     = @@character_set_client */;
/*!40101 SET character_set_client = utf8 */;
CREATE TABLE `show_genres` (
  `show_id` int(10) unsigned NOT NULL,
  `genre_id` int(10) unsigned NOT NULL,
  PRIMARY KEY (`show_id`,`genre_id`),
  KEY `fk_show_id_idx` (`show_id`),
  KEY `fk_genre_id_from_shg` (`genre_id`),
  CONSTRAINT `fk_genre_id_from_shg` FOREIGN KEY (`genre_id`) REFERENCES `genre` (`genre_id`) ON DELETE CASCADE ON UPDATE CASCADE,
  CONSTRAINT `fk_show_id_from_shg` FOREIGN KEY (`show_id`) REFERENCES `show` (`show_id`) ON DELETE CASCADE ON UPDATE CASCADE
) ENGINE=InnoDB DEFAULT CHARSET=utf8 COMMENT='Связь между шоу и жанрами';
/*!40101 SET character_set_client = @saved_cs_client */;

--
-- Dumping data for table `show_genres`
--

LOCK TABLES `show_genres` WRITE;
/*!40000 ALTER TABLE `show_genres` DISABLE KEYS */;
INSERT INTO `show_genres` VALUES (2,17),(2,22),(3,4),(3,9),(4,1),(4,6),(4,22),(5,6),(5,9),(6,4),(6,5),(6,9),(7,1),(7,2),(7,9),(7,13),(7,23),(8,5),(8,9),(8,10),(9,2),(9,3),(9,5),(10,5),(10,9),(10,20),(11,9),(11,20),(12,9),(12,10),(12,16),(12,18),(13,9),(13,15),(14,2),(14,3),(14,10),(14,16),(15,1),(15,2),(15,19),(16,2),(16,18),(16,19),(16,22),(17,9),(17,10),(17,21),(18,4),(18,6),(18,9),(19,9),(19,14),(19,19),(20,2),(20,9),(20,11),(21,1),(21,9),(21,19),(21,22),(22,5),(22,11),(22,18),(23,5),(23,6),(24,2),(24,5),(24,9),(24,10),(24,19),(25,1),(25,6),(25,9),(25,19),(25,22),(26,5),(26,9),(26,15),(26,16),(27,5),(28,5),(28,18),(29,5),(29,18),(30,2),(30,5),(30,9),(31,9),(31,14),(31,22),(32,9),(32,11),(32,14),(33,6),(33,8),(33,9),(33,22),(34,1),(34,2),(34,9),(34,19),(34,22),(35,2),(35,3),(35,5),(35,10),(35,11),(35,19);
/*!40000 ALTER TABLE `show_genres` ENABLE KEYS */;
UNLOCK TABLES;

--
-- Table structure for table `show_lang`
--

DROP TABLE IF EXISTS `show_lang`;
/*!40101 SET @saved_cs_client     = @@character_set_client */;
/*!40101 SET character_set_client = utf8 */;
CREATE TABLE `show_lang` (
  `show_id` int(10) unsigned NOT NULL COMMENT 'ID шоу',
  `show_lang` char(2) NOT NULL COMMENT 'Язык',
  `show_title` varchar(65) DEFAULT NULL COMMENT 'Название',
  `show_synopsis` text COMMENT 'Описание',
  `show_poster` varchar(260) DEFAULT NULL COMMENT 'Постер',
  PRIMARY KEY (`show_id`,`show_lang`),
  KEY `fk_movie_lang_idx` (`show_lang`),
  CONSTRAINT `fk_show_id_from_lang` FOREIGN KEY (`show_id`) REFERENCES `show` (`show_id`) ON DELETE CASCADE ON UPDATE CASCADE,
  CONSTRAINT `fk_show_lang_from_lang` FOREIGN KEY (`show_lang`) REFERENCES `langs` (`lang`) ON DELETE CASCADE ON UPDATE CASCADE
) ENGINE=InnoDB DEFAULT CHARSET=utf8 COMMENT='Информация о шоу на доступных языках';
/*!40101 SET character_set_client = @saved_cs_client */;

--
-- Dumping data for table `show_lang`
--

LOCK TABLES `show_lang` WRITE;
/*!40000 ALTER TABLE `show_lang` DISABLE KEYS */;
INSERT INTO `show_lang` VALUES (2,'en','The Da Vinci Code','A murder inside the Louvre, and clues in Da Vinci paintings, lead to the discovery of a religious mystery protected by a secret society for two thousand years, which could shake the foundations of Christianity.','/poster/21'),(2,'ru','Код Да Винчи','Гарвардского профессора Роберта Лэнгдона подозревают в чудовищном преступлении, которого он не совершал. Лэнгдон знакомится с криптографом парижской полиции Софи Невё и вместе с ней пытается раскрыть тайну, которая может подорвать могущество католической церкви. Роберт и Софи должны это сделать до того, как их схватят блюстители закона или остановят противники, готовые на все ради сохранения великого религиозного секрета…','/poster/22'),(3,'en','The Butler','As Cecil Gaines serves eight presidents during his tenure as a butler at the White House, the civil rights movement, Vietnam, and other major events affect this man\'s life, family, and American society.','/poster/31'),(3,'ru','Дворецкий','В фильме, основанном на статье из Washington Post, рассказывается о дворецком Юджине Аллене, служившем в Белом Доме под началом восьми разных президентов.','/poster/32'),(4,'en','The Fast and the Furious','Los Angeles police officer Brian O\'Connor must decide where his loyalty really lies when he becomes enamored with the street racing world he has been sent undercover to destroy.','/poster/41'),(4,'ru','Форсаж','Его зовут Брайан, и он — фанатик турбин и нитроускорителей. Его цель — быть принятым в автобанду легендарного Доминика Торетто, чемпиона опасных и незаконных уличных гонок. Но это лишь часть правды… Брайан также полицейский, имеющий задание войти в доверие к Торетто, подозреваемому в причастности к дерзким грабежам трейлеров, совершенным прямо «с колес». Но чем больше доверяет нахальному новичку харизматичный Доминик, тем больше проникается герой идеалами «ангелов дорог». И тем меньше ему хочется выполнять свою миссию. И вот, наступает момент, когда Брайану придется выбирать между дружбой и долгом. И выбирать на скорости в 200 километров в час...','/poster/42'),(5,'en','The Godfather','The aging patriarch of an organized crime dynasty transfers control of his clandestine empire to his reluctant son.','/poster/51'),(5,'ru','Крестный отец','Криминальная сага, повествующая о нью-йоркской сицилийской мафиозной семье Корлеоне. Фильм охватывает период 1945-1955 годов. Глава семьи, Дон Вито Корлеоне, выдаёт замуж свою дочь. В это время со Второй мировой войны возвращается его любимый сын Майкл. Майкл, герой войны, гордость семьи, не выражает желания заняться жестоким семейным бизнесом. Дон Корлеоне ведёт дела по старым правилам, но наступают иные времена, и появляются люди, желающие изменить сложившиеся порядки. На Дона Корлеоне совершается покушение.','/poster/52'),(6,'en','My Dinner with Andre','Two old friends meet for dinner; as one tells anecdotes detailing his experiences, the other notices their differing worldviews.','/poster/61'),(6,'ru','Мой ужин с Андре','Шоун, чьи пьесы не пользуются особым успехом, зарабатывает на жизнь актерством. Грегори, некогда прославившийся авангардистскими театральными постановками, несколько лет пребывает в творческом кризисе. Они давно не виделись, а теперь встретились, чтобы поговорить — о жизни и смерти, одиночестве и счастье, о культуре и идеологии, об окружающем мире и месте человека в нем, об истинных ценностях и иллюзорных целях…','/poster/62'),(7,'en','Kingdom of Heaven','Balian of Ibelin travels to Jerusalem during the crusades of the 12th century, and there he finds himself as the defender of the city and its people.','/poster/71'),(7,'ru','Царство небесное','Юный оружейник Бэлиан вынужден бежать со своей родины. Он присоединяется к отряду крестоносцев, которым руководит его отец. Но, в одной из битв, отец получает тяжелую рану и перед смертью присваивает своему сыну сан рыцаря, и тот клянется в верности королю Иерусалима.','/poster/72'),(8,'en','Beethoven','A slobbering St. Bernard becomes the center of attention for a loving family, but must contend with a dog-napping veterinarian and his henchmen.','/poster/81'),(8,'ru','Бетховен','Герой фильма — не великий композитор, а случайно названный его именем симпатяга-сенбернар. Попав еще щенком в приютившую его семью, пес быстро подружился с детьми и их матерью — только отец поглядывал на беспокойного домочадца косо.','/poster/82'),(9,'en','The Simpsons Movie','After Homer accidentally pollutes the town\'s water supply, Springfield is encased in a gigantic dome by the EPA and the Simpson family are declared fugitives.','/poster/91'),(9,'ru','Симпсоны в кино','После того, как Гомер сбросил отходы в водохранилище, Спрингфилд объявили карантинной зоной и накрыли гигантским стеклянным колпаком, а местные жители ополчились на Симпсонов за то, что их отрезали от остального мира…','/poster/92'),(10,'en','Six Shooter','A black and bloody Irish comedy about a sad train journey where an older man, whose wife has died that morning, encounters a strange and possibly psychotic young oddball...','/poster/101'),(10,'ru','Шестизарядный','День у мистера Доннели как-то не задался. В больнице сообщили, что утром умерла любимая жена, сосед в поезде оказался наглым малолетним матершинником, в вагоне-ресторане нахамили. Ну как тут не потерять веру в Бога?','/poster/101'),(11,'en','Curfew','On the brink of demise, a self-destructive man who has sadly reached the lowest point in his life, receives an unexpected call from his estranged sister to look after her young daughter for the night','/poster/111'),(11,'ru','Сейчас или никогда','Когда Ричи решает, наконец, свести счеты с жизнью, в ней появляется новый смысл: девятилетняя племянница София, которую Ричи не видел несколько лет. Сможет ли один вечер с девочкой изменить его жизнь?','/poster/111'),(12,'en','My Fair Lady','A misogynistic and snobbish phonetics professor agrees to a wager that he can take a flower girl and make her presentable in high society.','/poster/121'),(12,'ru','Моя прекрасная леди','Знаменитый профессор Генри Хиггинс заключает пари со своим другом, что сможет обучить безграмотную замарашку, уличную цветочницу Элизу правильной речи и высокосветским манерам и выдать ее за настоящую леди. Искрометный юмор, забавные ситуации, Золушка на глазах у зрителей превращается в принцессу, а убежденный холостяк — во влюбленного.','/poster/122'),(13,'en','August Rush','A drama with fairy tale elements, where an orphaned musical prodigy uses his gift as a clue to finding his birth parents.','/poster/134'),(13,'ru','Август Раш','Молодой харизматичный ирландский гитарист и американская виолончелистка из престижной семьи полюбили друг друга. После волшебной встречи в Нью-Йорке обстоятельства оказываются сильнее их, и они вынуждены расстаться. Родившийся ребёнок, Август Раш, по столь же несчастливому стечению обстоятельств оказывается в одном из нью-йоркских приютов. Двенадцать лет спустя Август Раш, необыкновенно талантливый для своего возраста музыкант, отчаянно стремится найти своих родителей. Единственной возможностью для этого он считает свою музыку — юный музыкант верит, что если он будет играть, его родители смогут узнать и найти его по музыке. Теперь, опекаемый загадочным незнакомцем, он играет на улицах Нью-Йорка и пытается найти родителей, которых никогда не видел, с помощью своего исключительного музыкального дара.','/poster/133'),(14,'en','The Lion King','Lion cub and future king Simba searches for his identity. His eagerness to please others and penchant for testing his boundaries sometimes gets him into trouble.','/poster/141'),(14,'ru','Король Лев','У величественного Короля-Льва Муфасы рождается наследник по имени Симба. Уже в детстве любознательный малыш становится жертвой интриг своего завистливого дяди Шрама, мечтающего о власти. Симба познаёт горе утраты, предательство и изгнание, но в конце концов обретает верных друзей и находит любимую. Закалённый испытаниями, он в нелёгкой борьбе отвоёвывает своё законное место в «Круге жизни», осознав, что значит быть настоящим Королём.','/poster/142'),(15,'en','Iron Man','After being held captive in an Afghan cave, billionaire engineer Tony Stark creates a unique weaponized suit of armor to fight evil.','/poster/151'),(15,'ru','Железный человек','Миллиардер-изобретатель Тони Старк попадает в плен к Афганским террористам, которые пытаются заставить его создать оружие массового поражения. В тайне от своих захватчиков Старк конструирует высокотехнологичную киберброню, которая помогает ему сбежать. Однако по возвращении в США он узнаёт, что в совете директоров его фирмы плетётся заговор, чреватый страшными последствиями. Используя своё последнее изобретение, Старк пытается решить проблемы своей компании радикально…','/poster/152'),(16,'en','The Time Machine','A man\'s vision for a utopian society is disillusioned when travelling forward into time reveals a dark and dangerous society.','/poster/161'),(16,'ru','Машина времени','1899 год. Джордж накануне нового тысячелетия демонстрирует друзьям свое изобретение — машину времени. Его рассказ о прошлом и будущем коллеги встречают скептически. Они не верят в путешествие во времени.Когда друзья расходятся по домам отмечать новый год, Джордж садится за рычаги своего изобретения, чтобы подтвердить свою теорию. Так начинается его путешествие, которое окажется приключением целой жизни. Он переносит его из 1899 года во времена войн 20 столетия, а потом — в 802701 год. В этом отдаленном времени пассивным жителям земли Элоям грозит мрачное будущее, поскольку они поклоняются подземным существам с горящими глазами — Морлокам. Будущее может спасти только незнакомец из прошлого.','/poster/162'),(17,'en','The Karate Kid','Work causes a single mother to move to China with her young son; in his new home, the boy embraces kung fu, taught to him by a master.','/poster/171'),(17,'ru','Каратэ-пацан','Двенадцатилетний Дре Паркер вместе с матерью-одиночкой переезжает из Детройта в незнакомый Пекин, не зная языка и местных традиций. Здесь он встречает китайскую девочку Мей Ин. Однако кроме её отца, не одобряющего их дружбу из-за культурных предрассудков, на его пути встаёт банда хулиганов во главе с Ченом, владеющим искусством кунг-фу. Единственный способ победить его — встретиться с врагом на близящемся грандиозном турнире боевых искусств. В этом мальчику решает помочь знаток боевых искусств мистер Хан.','/poster/172'),(18,'en','Catch Me If You Can','The story of Frank Abagnale Jr., before his 19th birthday, successfully forged millions of dollars\' worth of checks while posing as a Pan Am pilot, a doctor, and legal prosecutor as a seasoned and dedicated FBI agent pursues him.','/poster/181'),(18,'ru','Поймай меня, если сможешь','Фрэнк Эбегнейл успел поработать врачом, адвокатом и пилотом на пассажирской авиалинии — и все это до достижения полного совершеннолетия в 21 год. Мастер в обмане и жульничестве, он также обладал искусством подделки документов, что в конечном счете принесло ему миллионы долларов, которые он получил по фальшивым чекам. Агент ФБР Карл Хэнрэтти отдал бы все, чтобы схватить Фрэнка и привлечь к ответственности за свои деяния, но Фрэнк всегда опережает его на шаг, заставляя продолжать погоню.','/poster/182'),(19,'en','The Fly','A brilliant but eccentric scientist begins to transform into a giant man/fly hybrid after one of his experiments goes horribly wrong.','/poster/191'),(19,'ru','Муха','Талантливый и немного эксцентричный ученый Сет Брандл изучает проблемы телепортации. Начав с перемещения в пространстве неодушевленных предметов, гений от науки решает поэкспериментировать с живыми существами.  Воодушевленный удачным результатом опыта по телепортации обезьяны, он сам хочет стать объектом эксперимента. Но по воле случая в стерильную камеру залетает муха. Это маленькое насекомое навсегда меняет жизнь Сета — он становится другим. Другим существом…','/poster/192'),(20,'en','Life of Pi','A young man who survives a disaster at sea is hurtled into an epic journey of adventure and discovery. While cast away, he forms an unexpected connection with another survivor: a fearsome Bengal tiger.','/poster/201'),(20,'ru','Жизнь Пи','Это история сына владельца одного индийского зоопарка, мальчика по имени Пи. Он познаёт мир, учится отстаивать свои принципы, ищет собственную дорогу к Богу, живя по канонам трёх конфессий, влюбляется… Но волей судьбы его семья вынуждена эмигрировать. На полпути между Индией и Канадой корабль терпит крушение, и Пи остается в шлюпке вместе с бенгальским тигром, гиеной, зеброй и орангутангом. Вокруг безбрежная водная гладь, а впереди — неизвестность…','/poster/202'),(21,'en','Logan','In the near future, a weary Logan cares for an ailing Professor X, somewhere on the Mexican border. However, Logan\'s attempts to hide from the world, and his legacy, are upended when a young mutant arrives, pursued by dark forces.','/poster/211'),(21,'ru','Логан','В недалеком будущем уставший от жизни Логан заботится о больном профессоре Икс, который прячется неподалеку от мексиканской границы. Но Логан больше не сможет скрывать свое прошлое, когда встретится с юным мутантом, которого преследуют темные силы.','/poster/212'),(22,'en','Penelope','A modern romantic tale about a young aristocratic heiress born under a curse that can only be broken when she finds true love with \"one who will accept her as one of their own.\"','/poster/221'),(22,'ru','Пенелопа','Восемнадцатилетняя Пенелопа Уилхерн — представительница древнего аристократического рода. Многие годы бедняжка вынуждена жить с родителями в огромном особняке и прятать лицо от окружающих: над ней тяготеет семейное проклятие. Вместо носа у девушки — свиной пятачок, который пропадет только тогда, когда юноша благородных кровей по-настоящему полюбит Пенелопу и женится на ней.  Мать Пенелопы, надеясь разбить проклятье, начинает приглашать в дом женихов. Но богатые юноши в ужасе разбегаются, увидев лицо невесты. Так происходит до тех пор, пока Пенелопа не знакомится с Максом…','/poster/222'),(23,'en','Snatch.','Unscrupulous boxing promoters, violent bookmakers, a Russian gangster, incompetent amateur robbers, and supposedly Jewish jewelers fight to track down a priceless stolen diamond.','/poster/231'),(23,'ru','Большой куш','Четырехпалый Френки должен был переправить краденый алмаз из Англии в США своему боссу Эви. Но вместо этого герой попадает в эпицентр больших неприятностей. Сделав ставку на подпольном боксерском поединке, Френки попадает в круговорот весьма нежелательных событий. Вокруг героя и его груза разворачивается сложная интрига с участием множества колоритных персонажей лондонского дна — русского гангстера, троих незадачливых грабителей, хитрого боксера и угрюмого громилы грозного мафиози. Каждый норовит в одиночку сорвать Большой Куш.','/poster/232'),(24,'en','Doctor Who','The further adventures of the time travelling alien adventurer known as the Doctor, a Time Lord/Lady who can change appearance and gender, and his/her companions.','/poster/241'),(24,'ru','Доктор Кто','Сериал отображает приключения мистического инопланетянина-гуманоида называющего себя Доктор, без цели путешествующего через время и пространство в космическом корабле, который снаружи выглядит как полицейская будка 50-х годов. Доктор чрезвычайно эксцентричен и имеет невероятные знания в областях технологии, истории и науки. Он путешествует вместе со своими компаньонами, попутно борясь против космических злодеев и спасая Землю от бесчисленных врагов.','/poster/241'),(25,'en','Daredevil','Matt Murdock, with his other senses superhumanly enhanced, fights crime as a blind lawyer by day, and vigilante by night.','/poster/251'),(25,'ru','Сорвиголова','В результате несчастного случая юный Мэтт Мердок теряет зрение, но зато все остальные его чувства усиливаются в десятки раз. Повзрослев, Мердок понимает, что хочет посвятить свою жизнь защите людей и борьбе с преступностью. Днем он — успешный адвокат, а ночью — мститель в маске по прозвищу Сорвиголова.','/poster/251'),(26,'en','Glee','A group of ambitious misfits try to escape the harsh realities of high school by joining a glee club, where they find strength, acceptance and, ultimately, their voice, while working to pursue dreams of their own.','/poster/261'),(26,'ru','Лузеры','Учитель испанского языка собирается возродить школьный хор. Во времена, когда он сам был учеником, слава хора гремела на весь штат. Теперь это пристанище для неудачников и аутсайдеров — тех, кого не берут в крутые школьные тусовки. Но Уилл Шустер сделает из забитых хористов настоящих звезд!','/poster/261'),(27,'en','The IT Crowd','The comedic adventures of a rag-tag group of technical support workers at a large corporation.','/poster/271'),(27,'ru','Компьютерщики','Производственная \"драма\" о буднях двух парней и девушки, работающих в службе техподдержки крупной британской корпорации и целыми днями просиживающих в темном подвале, пока «белые воротнички» вершат судьбы мира в небоскребах из стекла и металла.','/poster/272'),(28,'en','Friends','Follows the personal and professional lives of six 20 to 30-something-year-old friends living in Manhattan.','/poster/281'),(28,'ru','Друзья','Главные герои — шестеро друзей — Рейчел, Моника, Фиби, Джоуи, Чендлер и Росс. Три девушки и три парня, которые дружат, живут по соседству, вместе убивают время и противостоят жестокой реальности, делятся своими секретами и иногда очень сильно влюбляются.','/poster/282'),(29,'en','The Big Bang Theory','A woman who moves into an apartment across the hall from two brilliant but socially awkward physicists shows them how little they know about life outside of the laboratory.','/poster/291'),(29,'ru','Теория большого взрыва','Два блестящих физика, Леонард и Шелдон, \"великие умы\", которые понимают, как \"работает Вселенная\". Но их гениальность ничуть не помогает им общаться с людьми, особенно с женщинами. Всё начинает меняться, когда напротив них поселяется красавица Пенни. ','/poster/292'),(30,'en','Cuisine','Maksim \'Max\' Lavrov wants to become a great chef. But he finds out that the kitchen isn\'t the place for an easy career. And in restaurant \'Claude Monet\' this job looks even harder and much more complicated than just cooking.','/poster/301'),(30,'ru','Кухня','\"Во все времена еда была рядом с людьми. Она искушает, вдохновляет, восхищает, отвращает. Но человек не может без еды, а значит тот, кто создает еду, может управлять миром...\". Так думал Максим Лавров, когда шел осуществлять свою мечту — устраиваться поваром в один из самых дорогих ресторанов столицы.Мечта сбылась, вот только на деле все вышло не так вкусно. Шеф-повар ресторана Виктор Баринов — настоящая звезда гастрономического бомонда, знающая как угодить взыскательной публике. Оборотная сторона этого идеального образа — злоупотребление алкоголем, страсть к азартным играм и невыносимый характер. В гневе Баринов страшен, в загуле — неукротим.Арт-директор Виктория Гончарова — настоящая снежная королева, карьеристка с ледяным сердцем, однако именно с ней Макс проводит ночь до того, как пойти на новую работу. А вся команда поваров только и ждет промашки новичка, чтобы от души посмеяться.','/poster/301'),(31,'en','The Walking Dead','Sheriff Deputy Rick Grimes wakes up from a coma to learn the world is in ruins, and must lead a group of survivors to stay alive.','/poster/311'),(31,'ru','Ходячие мертвецы','После зомби-апокалипсиса большая часть населения земного шара превратилась в живых мертвецов, жаждущих крови. Шериф Рик Граймс делает все, чтобы спасти в этих, в прямом смысле слова, нечеловеческих условиях дорогих ему людей…','/poster/311'),(32,'en','Being Human','Three twenty-somethings share a house and try to live a normal life despite being a ghost, a werewolf, and a vampire.','/poster/321'),(32,'ru','Быть человеком','Сериал рассказывает о троих соседях: вампире, оборотне и привидении. Вампир не слишком успешно пытается обходиться без людей, оборотень мучается из-за своих превращений в полнолуние, а привидение немного странное взбалмошное создание.','/poster/321'),(33,'en','Sherlock','A modern update finds the famous sleuth and his doctor partner solving crime in 21st century London.','/poster/331'),(33,'ru','Шерлок','События разворачиваются в наши дни. Он прошел Афганистан, остался инвалидом. По возвращении в родные края встречается с загадочным, но своеобразным гениальным человеком. Тот в поиске соседа по квартире. Лондон, 2010 год. Происходят необъяснимые убийства. Скотланд-Ярд без понятия, за что хвататься. Существует лишь один человек, который в силах разрешить проблемы и найти ответы на сложные вопросы.','/poster/331'),(34,'en','Agents of S.H.I.E.L.D','After the Battle of New York, the world has changed. It now knows not only about the Avengers, but also the powerful menaces that require those superheroes and more to face them. In response, Phil Coulson of the Strategic Homeland Intervention, Enforcement and Logistics Division assembles an elite covert team to find and deal with these threats wherever they are found. With a world rapidly becoming more bizarre and dangerous than ever before as the supervillains arise, these agents of S.H.I.E.L.D. are ready to take them on.','/poster/341'),(34,'ru','Агенты Щ.И.Т.','Действия сериала разворачиваются после событий фильма \"Мстители\". Агент Фил Колсон возвращается в правоохранительную организацию под названием Щ. И. Т., собрав небольшую команду профессионалов, он начинает работу над новыми делами, которые порой бывают очень странными.','/poster/342'),(35,'en','Adventure Time with Finn & Jake','A human boy named Finn and adoptive brother and best friend Jake the Dog, protect the citizens of the Land of Ooo from foes of various shapes and sizes.','/poster/351'),(35,'ru','Время приключений','Сериал повествует о необыкновенных и весёлых приключениях двух лучших друзей: мальчика Финна и его собаки Джейка. Действие сериала происходит в волшебной стране Ууу. Финн — 13-летний мальчик, который обожает путешествовать и спасать принцесс из лап ужасных монстров и злодеев, населяющих Землю Ууу. Джейк — лучший друг Финна. Это волшебная собака со способностью растягивать своё тело до практически любых размеров и форм. Джейку 28 лет и он исполняет роль эдакого приятеля-наставника Финна, а его волшебные способности помогают мальчику в его борьбе со злом.','/poster/351');
/*!40000 ALTER TABLE `show_lang` ENABLE KEYS */;
UNLOCK TABLES;

--
-- Table structure for table `tv_show`
--

DROP TABLE IF EXISTS `tv_show`;
/*!40101 SET @saved_cs_client     = @@character_set_client */;
/*!40101 SET character_set_client = utf8 */;
CREATE TABLE `tv_show` (
  `tv_show_id` int(10) unsigned NOT NULL COMMENT 'ID сериала',
  `tv_show_seasons_num` int(2) NOT NULL DEFAULT '1' COMMENT 'Количество сезонов',
  `tv_show_episodes_num` int(4) NOT NULL DEFAULT '0' COMMENT 'Количество эпизодов',
  `tv_show_channel` varchar(25) NOT NULL COMMENT 'ТВ канал',
  `tv_show_status` enum('finished','returning','pause') DEFAULT 'returning' COMMENT 'Текущий статус сериала',
  `tv_show_finish_year` year(4) DEFAULT NULL COMMENT 'Год окончания сериала',
  PRIMARY KEY (`tv_show_id`),
  KEY `fk_tv_show_show1_idx` (`tv_show_id`),
  CONSTRAINT `fk_tv_show_id_show_id` FOREIGN KEY (`tv_show_id`) REFERENCES `show` (`show_id`) ON DELETE CASCADE ON UPDATE CASCADE
) ENGINE=InnoDB DEFAULT CHARSET=utf8 COMMENT='Информация о сериале';
/*!40101 SET character_set_client = @saved_cs_client */;

--
-- Dumping data for table `tv_show`
--

LOCK TABLES `tv_show` WRITE;
/*!40000 ALTER TABLE `tv_show` DISABLE KEYS */;
INSERT INTO `tv_show` VALUES (24,11,177,'BBC one','returning',NULL),(25,3,39,'Netflix','returning',NULL),(26,6,121,'FOX','finished',2015),(27,5,25,'Channel 4','finished',2013),(28,10,236,'NBC','finished',2004),(29,11,280,'CBS','returning',NULL),(30,6,120,'СТС','finished',2016),(31,8,115,'amc','returning',NULL),(32,4,52,'Syfy','finished',2014),(33,4,15,'BBC one','pause',NULL),(34,5,110,'ABC','returning',NULL),(35,9,284,'Cartoon Network','returning',2018);
/*!40000 ALTER TABLE `tv_show` ENABLE KEYS */;
UNLOCK TABLES;

--
-- Table structure for table `user`
--

DROP TABLE IF EXISTS `user`;
/*!40101 SET @saved_cs_client     = @@character_set_client */;
/*!40101 SET character_set_client = utf8 */;
CREATE TABLE `user` (
  `user_id` int(10) unsigned NOT NULL AUTO_INCREMENT COMMENT 'ID пользователя',
  `user_name` varchar(45) NOT NULL COMMENT 'Имя пользователя (логин)',
  `user_password` char(32) NOT NULL COMMENT 'Пароль',
  `user_email` varchar(64) NOT NULL COMMENT 'E-mail',
  `user_status` enum('admin','critic','reviewer','movie fan','casual_viewer') NOT NULL DEFAULT 'casual_viewer' COMMENT 'Статус',
  `user_is_banned` tinyint(1) NOT NULL DEFAULT '0' COMMENT '0 - пользователь забанен, 1 - нет',
  `user_ban_time` timestamp NULL DEFAULT NULL,
  `user_unban_time` timestamp NULL DEFAULT NULL,
  `user_ban_reason_id` int(10) unsigned DEFAULT NULL,
  `user_reg_date` timestamp NOT NULL DEFAULT CURRENT_TIMESTAMP,
  `user_avatar` varchar(260) DEFAULT 'd:\\server\\avatars\\avatar.jpg',
  PRIMARY KEY (`user_id`),
  UNIQUE KEY `user_name_UNIQUE` (`user_name`),
  KEY `fk_ban_reason_id_idx` (`user_ban_reason_id`),
  CONSTRAINT `fk_ban_reason_id` FOREIGN KEY (`user_ban_reason_id`) REFERENCES `ban_reason` (`ban_reason_id`) ON DELETE CASCADE ON UPDATE CASCADE
) ENGINE=InnoDB AUTO_INCREMENT=39 DEFAULT CHARSET=utf8 COMMENT='Пользователи системы';
/*!40101 SET character_set_client = @saved_cs_client */;

--
-- Dumping data for table `user`
--

LOCK TABLES `user` WRITE;
/*!40000 ALTER TABLE `user` DISABLE KEYS */;
INSERT INTO `user` VALUES (2,'admin','827ccb0eea8a706c4c34a16891f84e7b','talahbarbara@gmail.com','admin',0,NULL,NULL,NULL,'2018-01-19 16:19:36','d:\\server\\avatars\\avatar.jpg'),(11,'Admirenah48','c720c2f957706b7ad104e88688428cd2','admirenah@gmail.com','casual_viewer',0,NULL,NULL,NULL,'2018-01-19 16:19:36','d:\\server\\avatars\\avatar.jpg'),(12,'figedroo','029f12b095fe776ef84ea1f84ebfde8e','figed.roo@gmail.com','casual_viewer',0,NULL,NULL,NULL,'2018-01-19 16:19:36','d:\\server\\avatars\\avatar.jpg'),(13,'hiddi2000','f9c5bc7b8e324046c3493db3ae3701bf','hiddi2000@gmail.com','casual_viewer',0,NULL,NULL,NULL,'2018-01-19 16:19:36','d:\\server\\avatars\\avatar.jpg'),(14,'tororeas','e0fdf67a81430420f39f5f636c6ca8c6','tororeas@gmail.com','casual_viewer',0,NULL,NULL,NULL,'2018-01-19 16:19:36','d:\\server\\avatars\\avatar.jpg'),(15,'morTOSHIc','b64193d2ad39e24f5046e8cb8dbee4ca','morTOSHIc@gmail.com','casual_viewer',0,NULL,NULL,NULL,'2018-01-19 16:19:36','d:\\server\\avatars\\avatar.jpg'),(16,'lemon_cake','0b32faa6f185cef2eb24b63b89dbb240','lem.cake@gmail.com','casual_viewer',0,NULL,NULL,NULL,'2018-01-19 16:19:36','d:\\server\\avatars\\avatar.jpg'),(17,'skipidar','3ca672b0d2b10e31f08746d7cb03ee44','skipidar.lol@gmail.com','casual_viewer',0,NULL,NULL,NULL,'2018-01-19 16:19:36','d:\\server\\avatars\\avatar.jpg'),(18,'bowyla2','0c67770a77cb11a8e7fda618a54a0d80','bowyla2@gmail.com','casual_viewer',0,NULL,NULL,NULL,'2018-01-19 16:19:36','d:\\server\\avatars\\avatar.jpg'),(19,'mrs_robot','b7f6e2459f2496354c4e235de735c9ba','virus.hacked@gmail.com','casual_viewer',1,'2018-01-14 16:24:06','2018-01-18 21:00:06',5,'2018-01-19 16:19:36','d:\\server\\avatars\\avatar.jpg'),(20,'eleonore','8323fa32b47e4c30a46352cc366d362b','awesome.life@gmail.com','casual_viewer',0,NULL,NULL,NULL,'2018-01-19 16:19:36','d:\\server\\avatars\\avatar.jpg'),(21,'ivanIvanov','c18e289942ab9f4da52a2bcba95b8e7b','ivanych@mail.ru','casual_viewer',0,NULL,NULL,NULL,'2018-01-19 16:19:36','d:\\server\\avatars\\avatar.jpg'),(22,'b2b_j','197234b24aa65a8b14aa1d57de656e30','serious.business@gmail.com','casual_viewer',0,NULL,NULL,NULL,'2018-01-19 16:19:36','d:\\server\\avatars\\avatar.jpg'),(23,'zzzZZZzzz','f2c1fa1d7f0a36ba98e72e639eccc021','sleepingforever@gmail.com','casual_viewer',1,'2017-12-17 21:05:43','2017-12-29 21:05:43',1,'2018-01-19 16:19:36','d:\\server\\avatars\\avatar.jpg'),(24,'tarantino','3e6b731cb54c9ff70ef55f384b30a62d','killbill@gmail.com','casual_viewer',0,NULL,NULL,NULL,'2018-01-19 16:19:36','d:\\server\\avatars\\avatar.jpg'),(25,'crazyPanda','a77bccd42701a09eaae8f1f6f67a94d7','sweet.bamboo@gmail.com','casual_viewer',0,NULL,NULL,NULL,'2018-01-19 16:19:36','d:\\server\\avatars\\avatar.jpg'),(26,'Amelia','fc955aafe85f9f7d8c0a8e9c70d5dc9f','raggedy_man@gmail.com','casual_viewer',0,NULL,NULL,NULL,'2018-01-19 16:19:36','d:\\server\\avatars\\avatar.jpg'),(27,'ThePond','420974f2d72bc60ba5c7bd6ebfd38b8d','w.rory@gmail.com','casual_viewer',0,NULL,NULL,NULL,'2018-01-19 16:19:36','d:\\server\\avatars\\avatar.jpg'),(28,'faceless','8002a868e136f6dde9b27be2d257f8ca','notyourtoy@gmail.com','casual_viewer',1,'2017-12-17 21:05:43','2017-12-29 21:05:43',5,'2018-01-19 16:19:36','d:\\server\\avatars\\avatar.jpg'),(29,'Trevor','4c8be15dd02d68426ce4fa1eb2ba37b5','trevormail@gmail.com','casual_viewer',0,NULL,NULL,NULL,'2018-01-19 16:19:36','d:\\server\\avatars\\avatar.jpg'),(30,'Mike1995','2814f4789b24f1ef48988902e1d37d07','heymike@gmail.com','casual_viewer',0,NULL,NULL,NULL,'2018-01-19 16:19:36','d:\\server\\avatars\\avatar.jpg'),(31,'RainbowSunshine','5114555b9704d85954dd579405d7f0b0','glitterngloss@gmail.com','casual_viewer',0,NULL,NULL,NULL,'2018-01-19 16:19:36','d:\\server\\avatars\\avatar.jpg'),(32,'coolest_person','8f62d34f858c9d28a364a041b0d1760c','toocool@gmail.com','casual_viewer',0,NULL,NULL,NULL,'2018-01-19 16:19:36','d:\\server\\avatars\\avatar.jpg'),(33,'MontyBurns','80ab71b197b9e6c36fa113b94789ef58','montgomeryburns@gmail.com','casual_viewer',0,NULL,NULL,NULL,'2018-01-19 16:19:36','d:\\server\\avatars\\avatar.jpg'),(34,'dooh17','11733e543d3bf0eaffc319983db97e8b','eatshorts@gmail.com','casual_viewer',0,NULL,NULL,NULL,'2018-01-19 16:19:36','d:\\server\\avatars\\avatar.jpg'),(35,'rookie','7abdb9f8d6537bedd9030198a2362c1a','rookie.dookie@gmail.com','casual_viewer',0,NULL,NULL,NULL,'2018-01-19 16:19:36','d:\\server\\avatars\\avatar.jpg'),(36,'longNamedFella','5ef0e136408e8418e7490e299afa68cd','lnf.rules@gmail.com','casual_viewer',0,NULL,NULL,NULL,'2018-01-19 16:19:36','d:\\server\\avatars\\avatar.jpg'),(37,'Maggie','827ccb0eea8a706c4c34a16891f84e7b','maggie.simpson@gmail.com','casual_viewer',0,NULL,NULL,NULL,'2018-01-19 16:19:36','d:\\server\\avatars\\avatar.jpg'),(38,'first_avenger','827ccb0eea8a706c4c34a16891f84e7b','f.avenger@mail.ru','casual_viewer',0,NULL,NULL,NULL,'2018-01-19 16:21:30','d:\\server\\avatars\\avatar.jpg');
/*!40000 ALTER TABLE `user` ENABLE KEYS */;
UNLOCK TABLES;
/*!40103 SET TIME_ZONE=@OLD_TIME_ZONE */;

/*!40101 SET SQL_MODE=@OLD_SQL_MODE */;
/*!40014 SET FOREIGN_KEY_CHECKS=@OLD_FOREIGN_KEY_CHECKS */;
/*!40014 SET UNIQUE_CHECKS=@OLD_UNIQUE_CHECKS */;
/*!40101 SET CHARACTER_SET_CLIENT=@OLD_CHARACTER_SET_CLIENT */;
/*!40101 SET CHARACTER_SET_RESULTS=@OLD_CHARACTER_SET_RESULTS */;
/*!40101 SET COLLATION_CONNECTION=@OLD_COLLATION_CONNECTION */;
/*!40111 SET SQL_NOTES=@OLD_SQL_NOTES */;

-- Dump completed on 2018-01-27 19:01:01
